device_id,timestamp,water_level,status,rtsp_link,mode
TRAM_01,2025-12-13T15:48:23.498819,243,NGUY_HIEM,rtsp://localhost:8554/live,ONLINE
TRAM_01,2025-12-13T15:48:24.171525,244,NGUY_HIEM,rtsp://localhost:8554/live,ONLINE
TRAM_01,2025-12-13T15:48:24.813323,254,NGUY_HIEM,rtsp://localhost:8554/live,ONLINE
TRAM_01,2025-12-13T15:48:25.560348,183,NGUY_HIEM,rtsp://localhost:8554/live,ONLINE
TRAM_01,2025-12-13T15:48:26.212715,0,AN_TOAN,rtsp://localhost:8554/live,ONLINE
TRAM_01,2025-12-13T15:48:26.910155,0,AN_TOAN,rtsp://localhost:8554/live,ONLINE
TRAM_01,2025-12-13T15:48:27.565163,253,NGUY_HIEM,rtsp://localhost:8554/live,ONLINE
TRAM_01,2025-12-13T15:48:28.215600,252,NGUY_HIEM,rtsp://localhost:8554/live,ONLINE
TRAM_01,2025-12-13T15:48:29.006428,251,NGUY_HIEM,rtsp://localhost:8554/live,ONLINE
TRAM_01,2025-12-13T15:48:29.760771,250,NGUY_HIEM,rtsp://localhost:8554/live,ONLINE
TRAM_01,2025-12-13T15:48:30.442702,250,NGUY_HIEM,rtsp://localhost:8554/live,ONLINE
TRAM_01,2025-12-13T15:48:31.087538,250,NGUY_HIEM,rtsp://localhost:8554/live,ONLINE
TRAM_01,2025-12-13T15:48:31.754032,248,NGUY_HIEM,rtsp://localhost:8554/live,ONLINE
TRAM_01,2025-12-13T15:48:32.463578,248,NGUY_HIEM,rtsp://localhost:8554/live,ONLINE
TRAM_01,2025-12-13T15:48:33.149319,251,NGUY_HIEM,rtsp://localhost:8554/live,ONLINE
TRAM_01,2025-12-13T15:48:33.799818,251,NGUY_HIEM,rtsp://localhost:8554/live,ONLINE
TRAM_01,2025-12-13T15:48:34.595870,251,NGUY_HIEM,rtsp://localhost:8554/live,ONLINE
TRAM_01,2025-12-13T15:48:35.310935,251,NGUY_HIEM,rtsp://localhost:8554/live,ONLINE
TRAM_01,2025-12-13T15:48:35.986265,250,NGUY_HIEM,rtsp://localhost:8554/live,ONLINE
TRAM_01,2025-12-13T15:48:36.695869,250,NGUY_HIEM,rtsp://localhost:8554/live,ONLINE
TRAM_01,2025-12-13T15:48:37.414047,252,NGUY_HIEM,rtsp://localhost:8554/live,ONLINE
TRAM_01,2025-12-13T15:48:38.078996,252,NGUY_HIEM,rtsp://localhost:8554/live,ONLINE
TRAM_01,2025-12-13T15:48:38.770097,186,NGUY_HIEM,rtsp://localhost:8554/live,ONLINE
TRAM_01,2025-12-13T15:48:39.583475,0,AN_TOAN,rtsp://localhost:8554/live,ONLINE
TRAM_01,2025-12-13T15:48:40.380383,252,NGUY_HIEM,rtsp://localhost:8554/live,ONLINE
TRAM_01,2025-12-13T15:48:41.061812,252,NGUY_HIEM,rtsp://localhost:8554/live,ONLINE
TRAM_01,2025-12-13T15:48:42.221356,186,NGUY_HIEM,rtsp://localhost:8554/live,ONLINE
TRAM_01,2025-12-13T15:48:42.917350,256,NGUY_HIEM,rtsp://localhost:8554/live,ONLINE
TRAM_01,2025-12-13T15:48:43.729017,256,NGUY_HIEM,rtsp://localhost:8554/live,ONLINE
TRAM_01,2025-12-13T15:48:44.485156,255,NGUY_HIEM,rtsp://localhost:8554/live,ONLINE
TRAM_01,2025-12-13T15:48:45.180346,255,NGUY_HIEM,rtsp://localhost:8554/live,ONLINE
TRAM_01,2025-12-13T15:48:45.837535,255,NGUY_HIEM,rtsp://localhost:8554/live,ONLINE
TRAM_01,2025-12-13T15:48:47.174041,257,NGUY_HIEM,rtsp://localhost:8554/live,ONLINE
TRAM_01,2025-12-13T15:48:47.935653,258,NGUY_HIEM,rtsp://localhost:8554/live,ONLINE
TRAM_01,2025-12-13T15:48:48.744632,258,NGUY_HIEM,rtsp://localhost:8554/live,ONLINE
TRAM_01,2025-12-13T15:48:49.459203,259,NGUY_HIEM,rtsp://localhost:8554/live,ONLINE
TRAM_01,2025-12-13T15:48:50.156541,258,NGUY_HIEM,rtsp://localhost:8554/live,ONLINE
TRAM_01,2025-12-13T15:48:50.816128,258,NGUY_HIEM,rtsp://localhost:8554/live,ONLINE
TRAM_01,2025-12-13T15:48:51.560171,258,NGUY_HIEM,rtsp://localhost:8554/live,ONLINE
TRAM_01,2025-12-13T15:48:52.242710,259,NGUY_HIEM,rtsp://localhost:8554/live,ONLINE
TRAM_01,2025-12-13T15:48:52.889528,0,AN_TOAN,rtsp://localhost:8554/live,ONLINE
TRAM_01,2025-12-13T15:48:53.553374,0,AN_TOAN,rtsp://localhost:8554/live,ONLINE
TRAM_01,2025-12-13T15:48:54.209101,0,AN_TOAN,rtsp://localhost:8554/live,ONLINE
TRAM_01,2025-12-13T15:48:54.888299,257,NGUY_HIEM,rtsp://localhost:8554/live,ONLINE
TRAM_01,2025-12-13T15:48:55.548936,258,NGUY_HIEM,rtsp://localhost:8554/live,ONLINE
TRAM_01,2025-12-13T15:48:56.195934,258,NGUY_HIEM,rtsp://localhost:8554/live,ONLINE
TRAM_01,2025-12-13T15:48:56.845500,258,NGUY_HIEM,rtsp://localhost:8554/live,ONLINE
TRAM_01,2025-12-13T15:48:57.513350,258,NGUY_HIEM,rtsp://localhost:8554/live,ONLINE
TRAM_01,2025-12-13T15:48:58.179882,260,NGUY_HIEM,rtsp://localhost:8554/live,ONLINE
TRAM_01,2025-12-13T15:48:58.859746,259,NGUY_HIEM,rtsp://localhost:8554/live,ONLINE
TRAM_01,2025-12-13T15:48:59.704718,259,NGUY_HIEM,rtsp://localhost:8554/live,ONLINE
TRAM_01,2025-12-13T15:49:00.431731,259,NGUY_HIEM,rtsp://localhost:8554/live,ONLINE
TRAM_01,2025-12-13T15:49:01.100858,259,NGUY_HIEM,rtsp://localhost:8554/live,ONLINE
TRAM_01,2025-12-13T15:49:01.768970,259,NGUY_HIEM,rtsp://localhost:8554/live,OFFLINE_SAVED
TRAM_01,2025-12-13T15:49:02.445382,258,NGUY_HIEM,rtsp://localhost:8554/live,OFFLINE_SAVED
TRAM_01,2025-12-13T15:49:03.109799,258,NGUY_HIEM,rtsp://localhost:8554/live,OFFLINE_SAVED
TRAM_01,2025-12-13T15:49:03.779444,259,NGUY_HIEM,rtsp://localhost:8554/live,OFFLINE_SAVED
TRAM_01,2025-12-13T15:49:04.495969,259,NGUY_HIEM,rtsp://localhost:8554/live,OFFLINE_SAVED
TRAM_01,2025-12-13T15:49:05.177860,259,NGUY_HIEM,rtsp://localhost:8554/live,OFFLINE_SAVED
TRAM_01,2025-12-13T15:49:05.983720,259,NGUY_HIEM,rtsp://localhost:8554/live,OFFLINE_SAVED
TRAM_01,2025-12-13T15:49:06.680550,259,NGUY_HIEM,rtsp://localhost:8554/live,OFFLINE_SAVED
TRAM_01,2025-12-13T15:49:07.332127,259,NGUY_HIEM,rtsp://localhost:8554/live,OFFLINE_SAVED
TRAM_01,2025-12-13T15:49:08.002544,257,NGUY_HIEM,rtsp://localhost:8554/live,OFFLINE_SAVED
TRAM_01,2025-12-13T15:49:08.639120,258,NGUY_HIEM,rtsp://localhost:8554/live,OFFLINE_SAVED
TRAM_01,2025-12-13T15:49:09.321121,258,NGUY_HIEM,rtsp://localhost:8554/live,OFFLINE_SAVED
TRAM_01,2025-12-13T15:49:09.964452,259,NGUY_HIEM,rtsp://localhost:8554/live,OFFLINE_SAVED
TRAM_01,2025-12-13T15:49:10.598033,259,NGUY_HIEM,rtsp://localhost:8554/live,OFFLINE_SAVED
TRAM_01,2025-12-13T15:49:11.316296,260,NGUY_HIEM,rtsp://localhost:8554/live,OFFLINE_SAVED
TRAM_01,2025-12-13T15:49:11.993208,261,NGUY_HIEM,rtsp://localhost:8554/live,OFFLINE_SAVED
TRAM_01,2025-12-13T15:49:12.653927,261,NGUY_HIEM,rtsp://localhost:8554/live,OFFLINE_SAVED
TRAM_01,2025-12-13T15:49:13.284331,259,NGUY_HIEM,rtsp://localhost:8554/live,OFFLINE_SAVED
TRAM_01,2025-12-13T15:49:13.952428,260,NGUY_HIEM,rtsp://localhost:8554/live,OFFLINE_SAVED
TRAM_01,2025-12-13T15:49:14.587479,258,NGUY_HIEM,rtsp://localhost:8554/live,OFFLINE_SAVED
TRAM_01,2025-12-13T15:49:15.227906,259,NGUY_HIEM,rtsp://localhost:8554/live,OFFLINE_SAVED
TRAM_01,2025-12-13T15:49:15.859487,258,NGUY_HIEM,rtsp://localhost:8554/live,OFFLINE_SAVED
TRAM_01,2025-12-13T15:49:16.500104,258,NGUY_HIEM,rtsp://localhost:8554/live,OFFLINE_SAVED
TRAM_01,2025-12-13T15:49:17.148916,258,NGUY_HIEM,rtsp://localhost:8554/live,OFFLINE_SAVED
TRAM_01,2025-12-13T15:49:17.803076,258,NGUY_HIEM,rtsp://localhost:8554/live,OFFLINE_SAVED
TRAM_01,2025-12-13T15:49:18.435360,257,NGUY_HIEM,rtsp://localhost:8554/live,OFFLINE_SAVED
TRAM_01,2025-12-13T15:49:19.095205,257,NGUY_HIEM,rtsp://localhost:8554/live,OFFLINE_SAVED
TRAM_01,2025-12-13T15:49:19.752558,257,NGUY_HIEM,rtsp://localhost:8554/live,OFFLINE_SAVED
TRAM_01,2025-12-13T15:49:20.390662,258,NGUY_HIEM,rtsp://localhost:8554/live,ONLINE
TRAM_01,2025-12-13T15:49:21.026755,258,NGUY_HIEM,rtsp://localhost:8554/live,ONLINE
TRAM_01,2025-12-13T15:49:21.670316,258,NGUY_HIEM,rtsp://localhost:8554/live,ONLINE
TRAM_01,2025-12-13T15:49:22.318151,259,NGUY_HIEM,rtsp://localhost:8554/live,ONLINE
TRAM_01,2025-12-13T15:49:23.020623,259,NGUY_HIEM,rtsp://localhost:8554/live,ONLINE
TRAM_01,2025-12-13T15:49:23.685955,258,NGUY_HIEM,rtsp://localhost:8554/live,ONLINE
TRAM_01,2025-12-13T15:49:24.458288,259,NGUY_HIEM,rtsp://localhost:8554/live,ONLINE
TRAM_01,2025-12-13T15:49:25.132009,259,NGUY_HIEM,rtsp://localhost:8554/live,ONLINE
TRAM_01,2025-12-13T15:49:25.800720,259,NGUY_HIEM,rtsp://localhost:8554/live,ONLINE
TRAM_01,2025-12-13T15:49:26.500784,258,NGUY_HIEM,rtsp://localhost:8554/live,ONLINE
TRAM_01,2025-12-13T15:49:27.193488,258,NGUY_HIEM,rtsp://localhost:8554/live,ONLINE
TRAM_01,2025-12-13T15:49:27.854767,259,NGUY_HIEM,rtsp://localhost:8554/live,ONLINE
TRAM_01,2025-12-13T15:49:28.524161,259,NGUY_HIEM,rtsp://localhost:8554/live,ONLINE
TRAM_01,2025-12-13T15:49:29.186969,259,NGUY_HIEM,rtsp://localhost:8554/live,ONLINE
TRAM_01,2025-12-13T15:49:29.867811,259,NGUY_HIEM,rtsp://localhost:8554/live,ONLINE
TRAM_01,2025-12-13T15:49:30.556219,259,NGUY_HIEM,rtsp://localhost:8554/live,ONLINE
TRAM_01,2025-12-13T15:49:31.311502,259,NGUY_HIEM,rtsp://localhost:8554/live,ONLINE
TRAM_01,2025-12-13T15:49:32.003548,259,NGUY_HIEM,rtsp://localhost:8554/live,ONLINE
TRAM_01,2025-12-13T15:49:32.695562,259,NGUY_HIEM,rtsp://localhost:8554/live,ONLINE
TRAM_01,2025-12-13T15:49:33.354872,259,NGUY_HIEM,rtsp://localhost:8554/live,ONLINE
TRAM_01,2025-12-13T15:49:34.067049,259,NGUY_HIEM,rtsp://localhost:8554/live,ONLINE
TRAM_01,2025-12-13T15:49:34.811243,259,NGUY_HIEM,rtsp://localhost:8554/live,ONLINE
TRAM_01,2025-12-13T15:49:35.610175,259,NGUY_HIEM,rtsp://localhost:8554/live,ONLINE
TRAM_01,2025-12-13T15:49:36.328572,259,NGUY_HIEM,rtsp://localhost:8554/live,ONLINE
TRAM_01,2025-12-13T15:49:37.058676,259,NGUY_HIEM,rtsp://localhost:8554/live,ONLINE
TRAM_01,2025-12-13T15:49:37.719903,260,NGUY_HIEM,rtsp://localhost:8554/live,ONLINE
TRAM_01,2025-12-13T15:49:38.384137,260,NGUY_HIEM,rtsp://localhost:8554/live,ONLINE
TRAM_01,2025-12-13T15:49:39.041130,258,NGUY_HIEM,rtsp://localhost:8554/live,ONLINE
TRAM_01,2025-12-13T15:49:39.707004,258,NGUY_HIEM,rtsp://localhost:8554/live,ONLINE
TRAM_01,2025-12-13T15:49:40.371129,259,NGUY_HIEM,rtsp://localhost:8554/live,ONLINE
TRAM_01,2025-12-13T15:49:41.042286,259,NGUY_HIEM,rtsp://localhost:8554/live,ONLINE
TRAM_01,2025-12-13T15:49:41.698301,260,NGUY_HIEM,rtsp://localhost:8554/live,ONLINE
TRAM_01,2025-12-13T15:49:42.394493,260,NGUY_HIEM,rtsp://localhost:8554/live,ONLINE
TRAM_01,2025-12-13T15:49:43.078813,258,NGUY_HIEM,rtsp://localhost:8554/live,ONLINE
TRAM_01,2025-12-13T15:49:43.782676,258,NGUY_HIEM,rtsp://localhost:8554/live,ONLINE
TRAM_01,2025-12-13T15:49:44.497614,258,NGUY_HIEM,rtsp://localhost:8554/live,ONLINE
TRAM_01,2025-12-13T15:49:45.173916,258,NGUY_HIEM,rtsp://localhost:8554/live,ONLINE
TRAM_01,2025-12-13T15:49:45.848895,260,NGUY_HIEM,rtsp://localhost:8554/live,ONLINE
TRAM_01,2025-12-13T15:49:46.511510,259,NGUY_HIEM,rtsp://localhost:8554/live,ONLINE
TRAM_01,2025-12-13T15:49:47.216673,260,NGUY_HIEM,rtsp://localhost:8554/live,ONLINE
TRAM_01,2025-12-13T15:50:01.699217,0,AN_TOAN,rtsp://localhost:8554/live,ONLINE
TRAM_01,2025-12-13T15:50:02.358883,0,AN_TOAN,rtsp://localhost:8554/live,ONLINE
TRAM_01,2025-12-13T15:50:03.041472,0,AN_TOAN,rtsp://localhost:8554/live,ONLINE
TRAM_01,2025-12-13T15:50:03.717701,0,AN_TOAN,rtsp://localhost:8554/live,ONLINE
TRAM_01,2025-12-13T15:50:04.441591,0,AN_TOAN,rtsp://localhost:8554/live,ONLINE
TRAM_01,2025-12-13T15:50:05.124970,0,AN_TOAN,rtsp://localhost:8554/live,ONLINE
TRAM_01,2025-12-13T15:50:05.815470,0,AN_TOAN,rtsp://localhost:8554/live,ONLINE
TRAM_01,2025-12-13T15:50:06.529659,0,AN_TOAN,rtsp://localhost:8554/live,ONLINE
TRAM_01,2025-12-13T15:50:07.572240,0,AN_TOAN,rtsp://localhost:8554/live,ONLINE
TRAM_01,2025-12-13T15:50:08.209702,0,AN_TOAN,rtsp://localhost:8554/live,ONLINE
TRAM_01,2025-12-13T15:50:08.869543,0,AN_TOAN,rtsp://localhost:8554/live,ONLINE
TRAM_01,2025-12-14T13:25:10.117042,0,AN_TOAN,rtsp://localhost:8554/live,ONLINE
TRAM_01,2025-12-14T13:25:10.762680,0,AN_TOAN,rtsp://localhost:8554/live,ONLINE
TRAM_01,2025-12-14T13:25:11.374090,0,AN_TOAN,rtsp://localhost:8554/live,ONLINE
TRAM_01,2025-12-14T13:25:12.050250,0,AN_TOAN,rtsp://localhost:8554/live,ONLINE
TRAM_01,2025-12-14T13:25:12.705831,0,AN_TOAN,rtsp://localhost:8554/live,ONLINE
TRAM_01,2025-12-14T13:25:13.325354,0,AN_TOAN,rtsp://localhost:8554/live,ONLINE
TRAM_01,2025-12-14T13:25:14.040220,0,AN_TOAN,rtsp://localhost:8554/live,ONLINE
TRAM_01,2025-12-14T13:25:14.678268,0,AN_TOAN,rtsp://localhost:8554/live,ONLINE
TRAM_01,2025-12-14T13:25:15.310408,0,AN_TOAN,rtsp://localhost:8554/live,ONLINE
TRAM_01,2025-12-14T13:25:15.939624,0,AN_TOAN,rtsp://localhost:8554/live,ONLINE
TRAM_01,2025-12-14T13:25:16.569170,0,AN_TOAN,rtsp://localhost:8554/live,ONLINE
TRAM_01,2025-12-14T13:25:17.225542,0,AN_TOAN,rtsp://localhost:8554/live,ONLINE
TRAM_01,2025-12-14T13:25:17.912728,167,NGUY_HIEM,rtsp://localhost:8554/live,ONLINE
TRAM_01,2025-12-14T13:25:18.550442,166,NGUY_HIEM,rtsp://localhost:8554/live,ONLINE
TRAM_01,2025-12-14T13:25:19.266213,166,NGUY_HIEM,rtsp://localhost:8554/live,ONLINE
TRAM_01,2025-12-14T13:25:19.923243,0,AN_TOAN,rtsp://localhost:8554/live,ONLINE
TRAM_01,2025-12-14T13:25:20.609330,0,AN_TOAN,rtsp://localhost:8554/live,ONLINE
TRAM_01,2025-12-14T13:25:21.266461,0,AN_TOAN,rtsp://localhost:8554/live,ONLINE
TRAM_01,2025-12-14T13:25:21.889610,0,AN_TOAN,rtsp://localhost:8554/live,ONLINE
TRAM_01,2025-12-14T13:25:22.526357,0,AN_TOAN,rtsp://localhost:8554/live,ONLINE
TRAM_01,2025-12-14T13:25:23.157281,0,AN_TOAN,rtsp://localhost:8554/live,ONLINE
TRAM_01,2025-12-14T13:25:23.871234,0,AN_TOAN,rtsp://localhost:8554/live,ONLINE
TRAM_01,2025-12-14T13:25:24.523686,0,AN_TOAN,rtsp://localhost:8554/live,ONLINE
TRAM_01,2025-12-14T13:25:25.174479,0,AN_TOAN,rtsp://localhost:8554/live,ONLINE
TRAM_01,2025-12-14T13:25:25.818874,0,AN_TOAN,rtsp://localhost:8554/live,ONLINE
TRAM_01,2025-12-14T13:25:26.467038,0,AN_TOAN,rtsp://localhost:8554/live,ONLINE
TRAM_01,2025-12-14T13:25:27.103956,0,AN_TOAN,rtsp://localhost:8554/live,ONLINE
TRAM_01,2025-12-14T13:25:27.744862,0,AN_TOAN,rtsp://localhost:8554/live,ONLINE
TRAM_01,2025-12-14T13:25:28.378823,0,AN_TOAN,rtsp://localhost:8554/live,ONLINE
TRAM_01,2025-12-14T13:25:29.042470,0,AN_TOAN,rtsp://localhost:8554/live,ONLINE
TRAM_01,2025-12-14T13:25:29.748952,0,AN_TOAN,rtsp://localhost:8554/live,ONLINE
TRAM_01,2025-12-14T13:25:30.519927,0,AN_TOAN,rtsp://localhost:8554/live,ONLINE
TRAM_01,2025-12-14T13:25:31.213056,0,AN_TOAN,rtsp://localhost:8554/live,ONLINE
TRAM_01,2025-12-14T13:25:31.842257,0,AN_TOAN,rtsp://localhost:8554/live,ONLINE
TRAM_01,2025-12-14T13:25:32.474514,0,AN_TOAN,rtsp://localhost:8554/live,ONLINE
TRAM_01,2025-12-14T13:25:33.120740,0,AN_TOAN,rtsp://localhost:8554/live,ONLINE
TRAM_01,2025-12-14T13:25:33.773583,0,AN_TOAN,rtsp://localhost:8554/live,ONLINE
TRAM_01,2025-12-14T13:25:34.404183,0,AN_TOAN,rtsp://localhost:8554/live,ONLINE
TRAM_01,2025-12-14T13:25:35.148799,0,AN_TOAN,rtsp://localhost:8554/live,ONLINE
TRAM_01,2025-12-14T13:25:35.795887,0,AN_TOAN,rtsp://localhost:8554/live,ONLINE
TRAM_01,2025-12-14T13:25:36.427870,0,AN_TOAN,rtsp://localhost:8554/live,ONLINE
TRAM_01,2025-12-14T13:25:37.081304,0,AN_TOAN,rtsp://localhost:8554/live,ONLINE
TRAM_01,2025-12-14T13:25:37.743521,0,AN_TOAN,rtsp://localhost:8554/live,ONLINE
TRAM_01,2025-12-14T13:25:38.417017,0,AN_TOAN,rtsp://localhost:8554/live,ONLINE
TRAM_01,2025-12-14T13:25:39.078462,0,AN_TOAN,rtsp://localhost:8554/live,ONLINE
TRAM_01,2025-12-14T13:25:39.719160,0,AN_TOAN,rtsp://localhost:8554/live,ONLINE
TRAM_01,2025-12-14T13:25:40.362368,0,AN_TOAN,rtsp://localhost:8554/live,ONLINE
TRAM_01,2025-12-14T13:25:41.003420,0,AN_TOAN,rtsp://localhost:8554/live,ONLINE
TRAM_01,2025-12-14T13:25:41.639637,0,AN_TOAN,rtsp://localhost:8554/live,ONLINE
TRAM_01,2025-12-14T13:25:42.290995,0,AN_TOAN,rtsp://localhost:8554/live,ONLINE
TRAM_01,2025-12-14T13:25:42.925253,0,AN_TOAN,rtsp://localhost:8554/live,ONLINE
TRAM_01,2025-12-14T13:25:43.575949,0,AN_TOAN,rtsp://localhost:8554/live,ONLINE
TRAM_01,2025-12-14T13:25:44.237952,0,AN_TOAN,rtsp://localhost:8554/live,ONLINE
TRAM_01,2025-12-14T13:25:44.961491,0,AN_TOAN,rtsp://localhost:8554/live,ONLINE
TRAM_01,2025-12-14T13:25:45.607289,0,AN_TOAN,rtsp://localhost:8554/live,ONLINE
TRAM_01,2025-12-14T13:25:46.263309,211,NGUY_HIEM,rtsp://localhost:8554/live,ONLINE
TRAM_01,2025-12-14T13:25:46.942003,211,NGUY_HIEM,rtsp://localhost:8554/live,ONLINE
TRAM_01,2025-12-14T13:25:47.594121,184,NGUY_HIEM,rtsp://localhost:8554/live,ONLINE
TRAM_01,2025-12-14T13:25:48.245276,183,NGUY_HIEM,rtsp://localhost:8554/live,ONLINE
TRAM_01,2025-12-14T13:25:48.896387,183,NGUY_HIEM,rtsp://localhost:8554/live,ONLINE
TRAM_01,2025-12-14T13:25:49.594764,183,NGUY_HIEM,rtsp://localhost:8554/live,ONLINE
TRAM_01,2025-12-14T13:25:50.250711,0,AN_TOAN,rtsp://localhost:8554/live,ONLINE
TRAM_01,2025-12-14T13:25:50.893743,183,NGUY_HIEM,rtsp://localhost:8554/live,ONLINE
TRAM_01,2025-12-14T13:25:51.539024,244,NGUY_HIEM,rtsp://localhost:8554/live,ONLINE
TRAM_01,2025-12-14T13:25:52.175153,243,NGUY_HIEM,rtsp://localhost:8554/live,ONLINE
TRAM_01,2025-12-14T13:25:52.854001,230,NGUY_HIEM,rtsp://localhost:8554/live,ONLINE
TRAM_01,2025-12-14T13:25:53.488998,229,NGUY_HIEM,rtsp://localhost:8554/live,ONLINE
TRAM_01,2025-12-14T13:25:54.155476,221,NGUY_HIEM,rtsp://localhost:8554/live,ONLINE
TRAM_01,2025-12-14T13:25:54.810801,222,NGUY_HIEM,rtsp://localhost:8554/live,ONLINE
TRAM_01,2025-12-14T13:25:55.478919,253,NGUY_HIEM,rtsp://localhost:8554/live,ONLINE
TRAM_01,2025-12-14T13:25:56.140462,254,NGUY_HIEM,rtsp://localhost:8554/live,ONLINE
TRAM_01,2025-12-14T13:25:56.820029,253,NGUY_HIEM,rtsp://localhost:8554/live,ONLINE
TRAM_01,2025-12-14T13:25:57.463826,252,NGUY_HIEM,rtsp://localhost:8554/live,ONLINE
TRAM_01,2025-12-14T13:25:58.135388,252,NGUY_HIEM,rtsp://localhost:8554/live,ONLINE
TRAM_01,2025-12-14T13:25:58.796899,251,NGUY_HIEM,rtsp://localhost:8554/live,ONLINE
TRAM_01,2025-12-14T13:25:59.465170,250,NGUY_HIEM,rtsp://localhost:8554/live,ONLINE
TRAM_01,2025-12-14T13:26:00.152917,250,NGUY_HIEM,rtsp://localhost:8554/live,ONLINE
TRAM_01,2025-12-14T13:26:00.916304,248,NGUY_HIEM,rtsp://localhost:8554/live,ONLINE
TRAM_01,2025-12-14T13:26:01.565380,248,NGUY_HIEM,rtsp://localhost:8554/live,ONLINE
TRAM_01,2025-12-14T13:26:02.238072,249,NGUY_HIEM,rtsp://localhost:8554/live,ONLINE
TRAM_01,2025-12-14T13:26:02.920486,250,NGUY_HIEM,rtsp://localhost:8554/live,ONLINE
TRAM_01,2025-12-14T13:26:03.587506,250,NGUY_HIEM,rtsp://localhost:8554/live,ONLINE
TRAM_01,2025-12-14T13:26:04.274258,250,NGUY_HIEM,rtsp://localhost:8554/live,ONLINE
TRAM_01,2025-12-14T13:26:05.010977,250,NGUY_HIEM,rtsp://localhost:8554/live,ONLINE
TRAM_01,2025-12-14T13:26:05.788886,250,NGUY_HIEM,rtsp://localhost:8554/live,ONLINE
TRAM_01,2025-12-14T13:26:06.458024,250,NGUY_HIEM,rtsp://localhost:8554/live,ONLINE
TRAM_01,2025-12-14T13:26:07.123004,250,NGUY_HIEM,rtsp://localhost:8554/live,ONLINE
TRAM_01,2025-12-14T13:26:07.856401,253,NGUY_HIEM,rtsp://localhost:8554/live,ONLINE
TRAM_01,2025-12-14T13:26:08.518911,252,NGUY_HIEM,rtsp://localhost:8554/live,ONLINE
TRAM_01,2025-12-14T13:26:09.196672,252,NGUY_HIEM,rtsp://localhost:8554/live,ONLINE
TRAM_01,2025-12-14T13:26:09.852423,253,NGUY_HIEM,rtsp://localhost:8554/live,ONLINE
TRAM_01,2025-12-14T13:26:10.683734,256,NGUY_HIEM,rtsp://localhost:8554/live,ONLINE
TRAM_01,2025-12-14T13:26:11.354889,256,NGUY_HIEM,rtsp://localhost:8554/live,ONLINE
TRAM_01,2025-12-14T13:26:12.018254,257,NGUY_HIEM,rtsp://localhost:8554/live,ONLINE
TRAM_01,2025-12-14T13:26:12.691939,257,NGUY_HIEM,rtsp://localhost:8554/live,ONLINE
TRAM_01,2025-12-14T13:26:13.388079,256,NGUY_HIEM,rtsp://localhost:8554/live,ONLINE
TRAM_01,2025-12-14T13:26:14.065529,256,NGUY_HIEM,rtsp://localhost:8554/live,ONLINE
TRAM_01,2025-12-14T13:26:14.859127,257,NGUY_HIEM,rtsp://localhost:8554/live,ONLINE
TRAM_01,2025-12-14T13:26:15.517790,257,NGUY_HIEM,rtsp://localhost:8554/live,ONLINE
TRAM_01,2025-12-14T13:26:16.164148,259,NGUY_HIEM,rtsp://localhost:8554/live,ONLINE
TRAM_01,2025-12-14T13:26:16.854944,259,NGUY_HIEM,rtsp://localhost:8554/live,ONLINE
TRAM_01,2025-12-14T13:26:17.549921,258,NGUY_HIEM,rtsp://localhost:8554/live,ONLINE
TRAM_01,2025-12-14T13:26:18.218422,259,NGUY_HIEM,rtsp://localhost:8554/live,ONLINE
TRAM_01,2025-12-14T13:26:18.892893,259,NGUY_HIEM,rtsp://localhost:8554/live,ONLINE
TRAM_01,2025-12-14T13:26:19.567903,259,NGUY_HIEM,rtsp://localhost:8554/live,ONLINE
TRAM_01,2025-12-14T13:26:20.231151,259,NGUY_HIEM,rtsp://localhost:8554/live,ONLINE
TRAM_01,2025-12-14T13:26:20.881212,259,NGUY_HIEM,rtsp://localhost:8554/live,ONLINE
TRAM_01,2025-12-14T13:26:21.605160,0,AN_TOAN,rtsp://localhost:8554/live,ONLINE
TRAM_01,2025-12-14T13:26:32.997999,261,NGUY_HIEM,rtsp://localhost:8554/live,ONLINE
TRAM_01,2025-12-14T13:26:33.697739,261,NGUY_HIEM,rtsp://localhost:8554/live,ONLINE
TRAM_01,2025-12-14T13:26:34.359680,261,NGUY_HIEM,rtsp://localhost:8554/live,ONLINE
TRAM_01,2025-12-14T13:26:35.010800,258,NGUY_HIEM,rtsp://localhost:8554/live,ONLINE
TRAM_01,2025-12-14T13:26:35.676720,259,NGUY_HIEM,rtsp://localhost:8554/live,ONLINE
TRAM_01,2025-12-14T13:26:36.424501,258,NGUY_HIEM,rtsp://localhost:8554/live,ONLINE
TRAM_01,2025-12-14T13:26:37.108433,259,NGUY_HIEM,rtsp://localhost:8554/live,ONLINE
TRAM_01,2025-12-14T13:26:37.742169,261,NGUY_HIEM,rtsp://localhost:8554/live,ONLINE
TRAM_01,2025-12-14T13:26:38.386881,261,NGUY_HIEM,rtsp://localhost:8554/live,ONLINE
TRAM_01,2025-12-14T13:26:39.041505,263,NGUY_HIEM,rtsp://localhost:8554/live,ONLINE
TRAM_01,2025-12-14T13:26:39.687768,263,NGUY_HIEM,rtsp://localhost:8554/live,ONLINE
TRAM_01,2025-12-14T13:26:40.329771,260,NGUY_HIEM,rtsp://localhost:8554/live,ONLINE
TRAM_01,2025-12-14T13:26:41.004120,261,NGUY_HIEM,rtsp://localhost:8554/live,ONLINE
TRAM_01,2025-12-14T13:26:41.739080,262,NGUY_HIEM,rtsp://localhost:8554/live,ONLINE
TRAM_01,2025-12-14T13:26:42.395446,262,NGUY_HIEM,rtsp://localhost:8554/live,ONLINE
TRAM_01,2025-12-14T13:26:43.030584,261,NGUY_HIEM,rtsp://localhost:8554/live,ONLINE
TRAM_01,2025-12-14T13:26:43.677948,261,NGUY_HIEM,rtsp://localhost:8554/live,ONLINE
TRAM_01,2025-12-14T13:26:44.321250,262,NGUY_HIEM,rtsp://localhost:8554/live,ONLINE
TRAM_01,2025-12-14T13:26:44.974402,262,NGUY_HIEM,rtsp://localhost:8554/live,ONLINE
TRAM_01,2025-12-14T13:26:45.635383,263,NGUY_HIEM,rtsp://localhost:8554/live,ONLINE
TRAM_01,2025-12-14T13:26:46.404766,263,NGUY_HIEM,rtsp://localhost:8554/live,ONLINE
TRAM_01,2025-12-14T13:26:47.099989,261,NGUY_HIEM,rtsp://localhost:8554/live,OFFLINE_SAVED
TRAM_01,2025-12-14T13:26:47.748145,261,NGUY_HIEM,rtsp://localhost:8554/live,OFFLINE_SAVED
TRAM_01,2025-12-14T13:26:48.436937,278,NGUY_HIEM,rtsp://localhost:8554/live,OFFLINE_SAVED
TRAM_01,2025-12-14T13:26:49.090947,277,NGUY_HIEM,rtsp://localhost:8554/live,OFFLINE_SAVED
TRAM_01,2025-12-14T13:26:49.767471,277,NGUY_HIEM,rtsp://localhost:8554/live,OFFLINE_SAVED
TRAM_01,2025-12-14T13:26:50.421477,277,NGUY_HIEM,rtsp://localhost:8554/live,OFFLINE_SAVED
TRAM_01,2025-12-14T13:26:51.081981,277,NGUY_HIEM,rtsp://localhost:8554/live,OFFLINE_SAVED
TRAM_01,2025-12-14T13:26:51.786163,277,NGUY_HIEM,rtsp://localhost:8554/live,OFFLINE_SAVED
TRAM_01,2025-12-14T13:26:52.426644,0,AN_TOAN,rtsp://localhost:8554/live,OFFLINE_SAVED
TRAM_01,2025-12-14T13:26:53.078636,275,NGUY_HIEM,rtsp://localhost:8554/live,OFFLINE_SAVED
TRAM_01,2025-12-14T13:26:53.760538,258,NGUY_HIEM,rtsp://localhost:8554/live,OFFLINE_SAVED
TRAM_01,2025-12-14T13:26:54.453791,275,NGUY_HIEM,rtsp://localhost:8554/live,OFFLINE_SAVED
TRAM_01,2025-12-14T13:27:02.303111,274,NGUY_HIEM,rtsp://localhost:8554/live,ONLINE
TRAM_01,2025-12-14T13:26:55.133114,254,NGUY_HIEM,rtsp://localhost:8554/live,OFFLINE_SAVED
TRAM_01,2025-12-14T13:26:55.795859,254,NGUY_HIEM,rtsp://localhost:8554/live,OFFLINE_SAVED
TRAM_01,2025-12-14T13:26:56.438221,275,NGUY_HIEM,rtsp://localhost:8554/live,OFFLINE_SAVED
TRAM_01,2025-12-14T13:26:57.073794,274,NGUY_HIEM,rtsp://localhost:8554/live,OFFLINE_SAVED
TRAM_01,2025-12-14T13:26:57.707272,274,NGUY_HIEM,rtsp://localhost:8554/live,OFFLINE_SAVED
TRAM_01,2025-12-14T13:26:58.372484,274,NGUY_HIEM,rtsp://localhost:8554/live,OFFLINE_SAVED
TRAM_01,2025-12-14T13:26:59.012873,274,NGUY_HIEM,rtsp://localhost:8554/live,OFFLINE_SAVED
TRAM_01,2025-12-14T13:26:59.646095,274,NGUY_HIEM,rtsp://localhost:8554/live,OFFLINE_SAVED
TRAM_01,2025-12-14T13:27:00.338071,275,NGUY_HIEM,rtsp://localhost:8554/live,OFFLINE_SAVED
TRAM_01,2025-12-14T13:27:00.978350,274,NGUY_HIEM,rtsp://localhost:8554/live,OFFLINE_SAVED
TRAM_01,2025-12-14T13:27:01.653610,274,NGUY_HIEM,rtsp://localhost:8554/live,OFFLINE_SAVED
TRAM_01,2025-12-14T13:27:02.964832,274,NGUY_HIEM,rtsp://localhost:8554/live,ONLINE
TRAM_01,2025-12-14T13:27:03.646537,274,NGUY_HIEM,rtsp://localhost:8554/live,ONLINE
TRAM_01,2025-12-14T13:27:04.305425,275,NGUY_HIEM,rtsp://localhost:8554/live,ONLINE
TRAM_01,2025-12-14T13:27:04.943792,276,NGUY_HIEM,rtsp://localhost:8554/live,ONLINE
TRAM_01,2025-12-14T13:27:05.582285,275,NGUY_HIEM,rtsp://localhost:8554/live,ONLINE
TRAM_01,2025-12-14T13:27:06.226470,275,NGUY_HIEM,rtsp://localhost:8554/live,ONLINE
TRAM_01,2025-12-14T13:27:06.872935,276,NGUY_HIEM,rtsp://localhost:8554/live,ONLINE
TRAM_01,2025-12-14T13:27:07.500110,276,NGUY_HIEM,rtsp://localhost:8554/live,ONLINE
TRAM_01,2025-12-14T13:27:08.170646,276,NGUY_HIEM,rtsp://localhost:8554/live,ONLINE
TRAM_01,2025-12-14T13:27:08.872040,276,NGUY_HIEM,rtsp://localhost:8554/live,ONLINE
TRAM_01,2025-12-14T13:27:09.519849,276,NGUY_HIEM,rtsp://localhost:8554/live,ONLINE
TRAM_01,2025-12-14T13:27:10.160524,276,NGUY_HIEM,rtsp://localhost:8554/live,ONLINE
TRAM_01,2025-12-14T13:27:10.814552,276,NGUY_HIEM,rtsp://localhost:8554/live,ONLINE
TRAM_01,2025-12-14T13:27:11.453124,276,NGUY_HIEM,rtsp://localhost:8554/live,ONLINE
TRAM_01,2025-12-14T13:27:12.093942,277,NGUY_HIEM,rtsp://localhost:8554/live,ONLINE
TRAM_01,2025-12-14T13:27:12.750078,278,NGUY_HIEM,rtsp://localhost:8554/live,ONLINE
TRAM_01,2025-12-14T13:27:13.404778,278,NGUY_HIEM,rtsp://localhost:8554/live,ONLINE
TRAM_01,2025-12-14T13:27:14.047599,277,NGUY_HIEM,rtsp://localhost:8554/live,ONLINE
TRAM_01,2025-12-14T13:27:14.723836,278,NGUY_HIEM,rtsp://localhost:8554/live,ONLINE
TRAM_01,2025-12-14T13:27:15.383218,278,NGUY_HIEM,rtsp://localhost:8554/live,ONLINE
TRAM_01,2025-12-14T13:27:16.052728,275,NGUY_HIEM,rtsp://localhost:8554/live,ONLINE
TRAM_01,2025-12-14T13:27:16.748241,275,NGUY_HIEM,rtsp://localhost:8554/live,ONLINE
TRAM_01,2025-12-14T13:27:17.451508,277,NGUY_HIEM,rtsp://localhost:8554/live,ONLINE
TRAM_01,2025-12-14T13:27:18.131132,277,NGUY_HIEM,rtsp://localhost:8554/live,ONLINE
TRAM_01,2025-12-14T13:27:18.801295,276,NGUY_HIEM,rtsp://localhost:8554/live,ONLINE
TRAM_01,2025-12-14T13:27:19.438695,276,NGUY_HIEM,rtsp://localhost:8554/live,ONLINE
TRAM_01,2025-12-14T13:27:20.088070,276,NGUY_HIEM,rtsp://localhost:8554/live,ONLINE
TRAM_01,2025-12-14T13:27:20.755092,276,NGUY_HIEM,rtsp://localhost:8554/live,ONLINE
TRAM_01,2025-12-14T13:27:21.391308,276,NGUY_HIEM,rtsp://localhost:8554/live,ONLINE
TRAM_01,2025-12-14T13:27:22.021300,277,NGUY_HIEM,rtsp://localhost:8554/live,ONLINE
TRAM_01,2025-12-14T13:27:22.685565,278,NGUY_HIEM,rtsp://localhost:8554/live,ONLINE
TRAM_01,2025-12-14T13:27:23.361211,278,NGUY_HIEM,rtsp://localhost:8554/live,ONLINE
TRAM_01,2025-12-14T13:27:24.046535,278,NGUY_HIEM,rtsp://localhost:8554/live,ONLINE
TRAM_01,2025-12-14T13:27:24.908032,278,NGUY_HIEM,rtsp://localhost:8554/live,ONLINE
TRAM_01,2025-12-14T13:27:25.666407,276,NGUY_HIEM,rtsp://localhost:8554/live,ONLINE
TRAM_01,2025-12-14T13:27:26.318631,276,NGUY_HIEM,rtsp://localhost:8554/live,ONLINE
TRAM_01,2025-12-14T13:27:26.950710,276,NGUY_HIEM,rtsp://localhost:8554/live,ONLINE
TRAM_01,2025-12-14T13:27:27.583568,275,NGUY_HIEM,rtsp://localhost:8554/live,ONLINE
TRAM_01,2025-12-14T13:27:28.223835,277,NGUY_HIEM,rtsp://localhost:8554/live,ONLINE
TRAM_01,2025-12-14T13:27:28.858291,277,NGUY_HIEM,rtsp://localhost:8554/live,ONLINE
TRAM_01,2025-12-14T13:27:29.500832,277,NGUY_HIEM,rtsp://localhost:8554/live,ONLINE
TRAM_01,2025-12-14T13:27:30.177215,277,NGUY_HIEM,rtsp://localhost:8554/live,ONLINE
TRAM_01,2025-12-14T13:27:30.866862,277,NGUY_HIEM,rtsp://localhost:8554/live,ONLINE
TRAM_01,2025-12-14T13:27:31.504583,278,NGUY_HIEM,rtsp://localhost:8554/live,ONLINE
TRAM_01,2025-12-14T13:27:32.142089,277,NGUY_HIEM,rtsp://localhost:8554/live,ONLINE
TRAM_01,2025-12-14T13:27:32.813241,277,NGUY_HIEM,rtsp://localhost:8554/live,ONLINE
TRAM_01,2025-12-14T13:27:33.473393,277,NGUY_HIEM,rtsp://localhost:8554/live,ONLINE
TRAM_01,2025-12-14T13:27:34.139360,277,NGUY_HIEM,rtsp://localhost:8554/live,ONLINE
TRAM_01,2025-12-14T13:27:34.864712,278,NGUY_HIEM,rtsp://localhost:8554/live,ONLINE
TRAM_01,2025-12-14T13:27:35.507462,277,NGUY_HIEM,rtsp://localhost:8554/live,ONLINE
TRAM_01,2025-12-14T13:27:36.140906,279,NGUY_HIEM,rtsp://localhost:8554/live,ONLINE
TRAM_01,2025-12-14T13:27:36.804593,280,NGUY_HIEM,rtsp://localhost:8554/live,ONLINE
TRAM_01,2025-12-14T13:27:37.465839,281,NGUY_HIEM,rtsp://localhost:8554/live,ONLINE
TRAM_01,2025-12-14T13:27:38.101819,278,NGUY_HIEM,rtsp://localhost:8554/live,ONLINE
TRAM_01,2025-12-14T13:27:38.763770,231,NGUY_HIEM,rtsp://localhost:8554/live,ONLINE
TRAM_01,2025-12-14T13:27:39.400062,231,NGUY_HIEM,rtsp://localhost:8554/live,ONLINE
TRAM_01,2025-12-14T13:27:40.042347,0,AN_TOAN,rtsp://localhost:8554/live,ONLINE
TRAM_01,2025-12-14T13:27:40.687228,231,NGUY_HIEM,rtsp://localhost:8554/live,ONLINE
TRAM_01,2025-12-14T13:27:41.391191,280,NGUY_HIEM,rtsp://localhost:8554/live,ONLINE
TRAM_01,2025-12-14T13:27:42.024246,0,AN_TOAN,rtsp://localhost:8554/live,ONLINE
TRAM_01,2025-12-14T13:27:42.689175,0,AN_TOAN,rtsp://localhost:8554/live,ONLINE
TRAM_01,2025-12-14T13:27:43.316516,0,AN_TOAN,rtsp://localhost:8554/live,ONLINE
TRAM_01,2025-12-14T13:27:43.956747,0,AN_TOAN,rtsp://localhost:8554/live,ONLINE
TRAM_01,2025-12-14T13:27:44.611976,233,NGUY_HIEM,rtsp://localhost:8554/live,ONLINE
TRAM_01,2025-12-14T13:27:45.273337,0,AN_TOAN,rtsp://localhost:8554/live,OFFLINE_SAVED
TRAM_01,2025-12-14T13:27:46.393489,0,AN_TOAN,rtsp://localhost:8554/live,OFFLINE_SAVED
TRAM_01,2025-12-14T13:27:47.060333,0,AN_TOAN,rtsp://localhost:8554/live,OFFLINE_SAVED
TRAM_01,2025-12-14T13:27:47.701211,281,NGUY_HIEM,rtsp://localhost:8554/live,OFFLINE_SAVED
TRAM_01,2025-12-14T13:27:48.368502,281,NGUY_HIEM,rtsp://localhost:8554/live,OFFLINE_SAVED
TRAM_01,2025-12-14T13:27:49.042448,281,NGUY_HIEM,rtsp://localhost:8554/live,OFFLINE_SAVED
TRAM_01,2025-12-14T13:27:49.745450,0,AN_TOAN,rtsp://localhost:8554/live,OFFLINE_SAVED
TRAM_01,2025-12-14T13:27:50.653261,0,AN_TOAN,rtsp://localhost:8554/live,OFFLINE_SAVED
TRAM_01,2025-12-14T13:27:51.315913,232,NGUY_HIEM,rtsp://localhost:8554/live,OFFLINE_SAVED
TRAM_01,2025-12-14T13:27:51.967565,0,AN_TOAN,rtsp://localhost:8554/live,OFFLINE_SAVED
TRAM_01,2025-12-14T13:27:52.616136,0,AN_TOAN,rtsp://localhost:8554/live,OFFLINE_SAVED
TRAM_01,2025-12-14T13:27:53.319504,0,AN_TOAN,rtsp://localhost:8554/live,OFFLINE_SAVED
TRAM_01,2025-12-14T13:27:53.956449,0,AN_TOAN,rtsp://localhost:8554/live,OFFLINE_SAVED
TRAM_01,2025-12-14T13:27:54.621238,0,AN_TOAN,rtsp://localhost:8554/live,OFFLINE_SAVED
TRAM_01,2025-12-14T13:27:55.322212,283,NGUY_HIEM,rtsp://localhost:8554/live,OFFLINE_SAVED
TRAM_01,2025-12-14T13:27:55.954834,283,NGUY_HIEM,rtsp://localhost:8554/live,OFFLINE_SAVED
TRAM_01,2025-12-14T13:27:56.613826,283,NGUY_HIEM,rtsp://localhost:8554/live,OFFLINE_SAVED
TRAM_01,2025-12-14T13:27:57.270811,235,NGUY_HIEM,rtsp://localhost:8554/live,OFFLINE_SAVED
TRAM_01,2025-12-14T13:27:57.953404,236,NGUY_HIEM,rtsp://localhost:8554/live,OFFLINE_SAVED
TRAM_01,2025-12-14T13:27:58.731164,235,NGUY_HIEM,rtsp://localhost:8554/live,OFFLINE_SAVED
TRAM_01,2025-12-14T13:27:59.385315,0,AN_TOAN,rtsp://localhost:8554/live,OFFLINE_SAVED
TRAM_01,2025-12-14T13:28:00.234946,0,AN_TOAN,rtsp://localhost:8554/live,OFFLINE_SAVED
TRAM_01,2025-12-14T13:28:00.906423,234,NGUY_HIEM,rtsp://localhost:8554/live,OFFLINE_SAVED
TRAM_01,2025-12-14T13:28:01.555352,234,NGUY_HIEM,rtsp://localhost:8554/live,OFFLINE_SAVED
TRAM_01,2025-12-14T13:28:02.224076,235,NGUY_HIEM,rtsp://localhost:8554/live,OFFLINE_SAVED
TRAM_01,2025-12-14T13:28:02.906069,234,NGUY_HIEM,rtsp://localhost:8554/live,OFFLINE_SAVED
TRAM_01,2025-12-14T13:28:03.572178,235,NGUY_HIEM,rtsp://localhost:8554/live,OFFLINE_SAVED
TRAM_01,2025-12-14T13:28:04.216188,234,NGUY_HIEM,rtsp://localhost:8554/live,OFFLINE_SAVED
TRAM_01,2025-12-14T13:28:04.919872,233,NGUY_HIEM,rtsp://localhost:8554/live,OFFLINE_SAVED
TRAM_01,2025-12-14T13:28:05.624095,233,NGUY_HIEM,rtsp://localhost:8554/live,OFFLINE_SAVED
TRAM_01,2025-12-14T13:28:06.278556,233,NGUY_HIEM,rtsp://localhost:8554/live,OFFLINE_SAVED
TRAM_01,2025-12-14T13:28:06.987132,233,NGUY_HIEM,rtsp://localhost:8554/live,OFFLINE_SAVED
TRAM_01,2025-12-14T13:28:07.663429,0,AN_TOAN,rtsp://localhost:8554/live,OFFLINE_SAVED
TRAM_01,2025-12-14T13:28:08.357281,0,AN_TOAN,rtsp://localhost:8554/live,OFFLINE_SAVED
TRAM_01,2025-12-14T13:28:09.064817,0,AN_TOAN,rtsp://localhost:8554/live,OFFLINE_SAVED
TRAM_01,2025-12-14T13:28:09.725290,282,NGUY_HIEM,rtsp://localhost:8554/live,OFFLINE_SAVED
TRAM_01,2025-12-14T13:28:13.156002,235,NGUY_HIEM,rtsp://localhost:8554/live,ONLINE
TRAM_01,2025-12-14T13:28:10.435143,235,NGUY_HIEM,rtsp://localhost:8554/live,OFFLINE_SAVED
TRAM_01,2025-12-14T13:28:11.112613,235,NGUY_HIEM,rtsp://localhost:8554/live,OFFLINE_SAVED
TRAM_01,2025-12-14T13:28:11.773673,0,AN_TOAN,rtsp://localhost:8554/live,OFFLINE_SAVED
TRAM_01,2025-12-14T13:28:12.497057,0,AN_TOAN,rtsp://localhost:8554/live,OFFLINE_SAVED
TRAM_01,2025-12-14T13:28:13.847535,234,NGUY_HIEM,rtsp://localhost:8554/live,ONLINE
TRAM_01,2025-12-14T13:28:14.524445,235,NGUY_HIEM,rtsp://localhost:8554/live,ONLINE
TRAM_01,2025-12-14T13:28:15.234931,235,NGUY_HIEM,rtsp://localhost:8554/live,ONLINE
TRAM_01,2025-12-14T13:28:15.928954,234,NGUY_HIEM,rtsp://localhost:8554/live,ONLINE
TRAM_01,2025-12-14T13:28:16.590658,234,NGUY_HIEM,rtsp://localhost:8554/live,ONLINE
TRAM_01,2025-12-14T13:28:17.265285,235,NGUY_HIEM,rtsp://localhost:8554/live,ONLINE
TRAM_01,2025-12-14T13:28:18.040085,234,NGUY_HIEM,rtsp://localhost:8554/live,ONLINE
TRAM_01,2025-12-14T13:28:28.425054,237,NGUY_HIEM,rtsp://localhost:8554/live,ONLINE
TRAM_01,2025-12-14T13:28:29.098588,238,NGUY_HIEM,rtsp://localhost:8554/live,ONLINE
TRAM_01,2025-12-14T13:28:29.901066,0,AN_TOAN,rtsp://localhost:8554/live,ONLINE
TRAM_01,2025-12-14T13:28:30.566693,233,NGUY_HIEM,rtsp://localhost:8554/live,ONLINE
TRAM_01,2025-12-14T13:28:31.402979,0,AN_TOAN,rtsp://localhost:8554/live,ONLINE
TRAM_01,2025-12-14T13:28:32.053737,0,AN_TOAN,rtsp://localhost:8554/live,ONLINE
TRAM_01,2025-12-14T13:28:32.714443,0,AN_TOAN,rtsp://localhost:8554/live,ONLINE
TRAM_01,2025-12-14T13:28:33.376489,0,AN_TOAN,rtsp://localhost:8554/live,ONLINE
TRAM_01,2025-12-14T13:28:34.056116,235,NGUY_HIEM,rtsp://localhost:8554/live,ONLINE
TRAM_01,2025-12-14T13:28:34.749902,234,NGUY_HIEM,rtsp://localhost:8554/live,ONLINE
TRAM_01,2025-12-14T13:28:35.756229,0,AN_TOAN,rtsp://localhost:8554/live,ONLINE
TRAM_01,2025-12-14T13:28:36.421072,0,AN_TOAN,rtsp://localhost:8554/live,ONLINE
TRAM_01,2025-12-14T13:28:37.149046,0,AN_TOAN,rtsp://localhost:8554/live,ONLINE
TRAM_01,2025-12-14T13:28:37.793486,0,AN_TOAN,rtsp://localhost:8554/live,ONLINE
TRAM_01,2025-12-14T13:28:38.425226,0,AN_TOAN,rtsp://localhost:8554/live,ONLINE
TRAM_01,2025-12-14T13:28:39.086728,0,AN_TOAN,rtsp://localhost:8554/live,ONLINE
TRAM_01,2025-12-14T13:28:39.750044,0,AN_TOAN,rtsp://localhost:8554/live,ONLINE
TRAM_01,2025-12-14T13:28:40.380691,0,AN_TOAN,rtsp://localhost:8554/live,ONLINE
TRAM_01,2025-12-14T13:28:41.051703,0,AN_TOAN,rtsp://localhost:8554/live,ONLINE
TRAM_01,2025-12-14T13:28:41.684574,0,AN_TOAN,rtsp://localhost:8554/live,ONLINE
TRAM_01,2025-12-14T13:28:42.316066,0,AN_TOAN,rtsp://localhost:8554/live,ONLINE
TRAM_01,2025-12-14T13:28:42.949318,0,AN_TOAN,rtsp://localhost:8554/live,ONLINE
TRAM_01,2025-12-14T13:28:43.591694,0,AN_TOAN,rtsp://localhost:8554/live,ONLINE
TRAM_01,2025-12-14T13:28:44.239971,0,AN_TOAN,rtsp://localhost:8554/live,ONLINE
TRAM_01,2025-12-14T13:28:44.886330,0,AN_TOAN,rtsp://localhost:8554/live,ONLINE
TRAM_01,2025-12-14T13:28:45.535571,0,AN_TOAN,rtsp://localhost:8554/live,ONLINE
TRAM_01,2025-12-14T13:28:46.182719,0,AN_TOAN,rtsp://localhost:8554/live,ONLINE
TRAM_01,2025-12-14T13:28:46.971206,0,AN_TOAN,rtsp://localhost:8554/live,ONLINE
TRAM_01,2025-12-14T13:28:47.727982,0,AN_TOAN,rtsp://localhost:8554/live,ONLINE
TRAM_01,2025-12-14T13:28:48.406036,0,AN_TOAN,rtsp://localhost:8554/live,ONLINE
TRAM_01,2025-12-14T13:28:49.114987,0,AN_TOAN,rtsp://localhost:8554/live,ONLINE
TRAM_01,2025-12-14T13:28:49.809558,0,AN_TOAN,rtsp://localhost:8554/live,ONLINE
TRAM_01,2025-12-14T13:28:50.580930,0,AN_TOAN,rtsp://localhost:8554/live,ONLINE
TRAM_01,2025-12-14T13:28:51.238554,0,AN_TOAN,rtsp://localhost:8554/live,ONLINE
TRAM_01,2025-12-14T13:28:51.923750,0,AN_TOAN,rtsp://localhost:8554/live,ONLINE
TRAM_01,2025-12-14T13:28:52.585178,0,AN_TOAN,rtsp://localhost:8554/live,ONLINE
TRAM_01,2025-12-14T13:28:53.263350,0,AN_TOAN,rtsp://localhost:8554/live,ONLINE
TRAM_01,2025-12-14T13:28:53.912821,0,AN_TOAN,rtsp://localhost:8554/live,ONLINE
TRAM_01,2025-12-14T13:28:54.586927,0,AN_TOAN,rtsp://localhost:8554/live,ONLINE
TRAM_01,2025-12-14T13:28:55.250380,0,AN_TOAN,rtsp://localhost:8554/live,ONLINE
TRAM_01,2025-12-14T13:28:55.910993,0,AN_TOAN,rtsp://localhost:8554/live,ONLINE
TRAM_01,2025-12-14T13:28:56.604845,0,AN_TOAN,rtsp://localhost:8554/live,ONLINE
TRAM_01,2025-12-14T13:28:57.427329,0,AN_TOAN,rtsp://localhost:8554/live,ONLINE
TRAM_01,2025-12-14T13:28:58.072554,0,AN_TOAN,rtsp://localhost:8554/live,ONLINE
TRAM_01,2025-12-14T13:28:58.735679,0,AN_TOAN,rtsp://localhost:8554/live,ONLINE
TRAM_01,2025-12-14T13:28:59.386642,0,AN_TOAN,rtsp://localhost:8554/live,ONLINE
TRAM_01,2025-12-14T13:29:00.048245,0,AN_TOAN,rtsp://localhost:8554/live,ONLINE
TRAM_01,2025-12-14T13:29:00.722729,0,AN_TOAN,rtsp://localhost:8554/live,ONLINE
TRAM_01,2025-12-14T13:29:01.400846,0,AN_TOAN,rtsp://localhost:8554/live,ONLINE
TRAM_01,2025-12-14T13:29:02.082653,0,AN_TOAN,rtsp://localhost:8554/live,ONLINE
TRAM_01,2025-12-14T13:29:02.761820,0,AN_TOAN,rtsp://localhost:8554/live,ONLINE
TRAM_01,2025-12-14T13:29:03.408349,0,AN_TOAN,rtsp://localhost:8554/live,ONLINE
TRAM_01,2025-12-14T13:29:04.068692,0,AN_TOAN,rtsp://localhost:8554/live,ONLINE
TRAM_01,2025-12-14T13:29:04.731895,0,AN_TOAN,rtsp://localhost:8554/live,ONLINE
TRAM_01,2025-12-14T13:29:05.377420,0,AN_TOAN,rtsp://localhost:8554/live,ONLINE
TRAM_01,2025-12-14T13:29:06.024878,0,AN_TOAN,rtsp://localhost:8554/live,ONLINE
TRAM_01,2025-12-14T13:29:06.658025,0,AN_TOAN,rtsp://localhost:8554/live,ONLINE
TRAM_01,2025-12-14T13:29:07.288094,0,AN_TOAN,rtsp://localhost:8554/live,ONLINE
TRAM_01,2025-12-14T13:29:07.953054,0,AN_TOAN,rtsp://localhost:8554/live,ONLINE
TRAM_01,2025-12-14T13:29:08.597086,0,AN_TOAN,rtsp://localhost:8554/live,ONLINE
TRAM_01,2025-12-14T13:29:09.242047,0,AN_TOAN,rtsp://localhost:8554/live,ONLINE
TRAM_01,2025-12-14T13:29:09.892247,0,AN_TOAN,rtsp://localhost:8554/live,ONLINE
TRAM_01,2025-12-14T13:29:10.581378,0,AN_TOAN,rtsp://localhost:8554/live,ONLINE
TRAM_01,2025-12-14T13:29:11.213914,0,AN_TOAN,rtsp://localhost:8554/live,ONLINE
TRAM_01,2025-12-14T13:29:11.863228,0,AN_TOAN,rtsp://localhost:8554/live,ONLINE
TRAM_01,2025-12-14T13:29:12.538543,0,AN_TOAN,rtsp://localhost:8554/live,ONLINE
TRAM_01,2025-12-14T13:29:13.231539,0,AN_TOAN,rtsp://localhost:8554/live,ONLINE
TRAM_01,2025-12-14T13:29:13.884825,0,AN_TOAN,rtsp://localhost:8554/live,ONLINE
TRAM_01,2025-12-14T13:29:14.554390,0,AN_TOAN,rtsp://localhost:8554/live,ONLINE
TRAM_01,2025-12-14T13:29:15.231857,0,AN_TOAN,rtsp://localhost:8554/live,ONLINE
TRAM_01,2025-12-14T13:29:15.908975,0,AN_TOAN,rtsp://localhost:8554/live,ONLINE
TRAM_01,2025-12-14T13:29:16.571837,0,AN_TOAN,rtsp://localhost:8554/live,ONLINE
TRAM_01,2025-12-14T13:29:17.219857,0,AN_TOAN,rtsp://localhost:8554/live,ONLINE
TRAM_01,2025-12-14T13:29:17.898063,0,AN_TOAN,rtsp://localhost:8554/live,ONLINE
TRAM_01,2025-12-14T13:29:18.561821,0,AN_TOAN,rtsp://localhost:8554/live,ONLINE
TRAM_01,2025-12-14T13:29:19.253744,0,AN_TOAN,rtsp://localhost:8554/live,ONLINE
TRAM_01,2025-12-14T13:29:19.914212,0,AN_TOAN,rtsp://localhost:8554/live,ONLINE
TRAM_01,2025-12-14T13:29:20.578330,0,AN_TOAN,rtsp://localhost:8554/live,ONLINE
TRAM_01,2025-12-14T13:29:21.225567,0,AN_TOAN,rtsp://localhost:8554/live,ONLINE
TRAM_01,2025-12-14T13:29:21.899765,0,AN_TOAN,rtsp://localhost:8554/live,ONLINE
TRAM_01,2025-12-14T13:29:22.593435,0,AN_TOAN,rtsp://localhost:8554/live,ONLINE
TRAM_01,2025-12-14T13:29:23.288171,0,AN_TOAN,rtsp://localhost:8554/live,ONLINE
TRAM_01,2025-12-14T13:29:23.949190,0,AN_TOAN,rtsp://localhost:8554/live,ONLINE
TRAM_01,2025-12-14T13:29:24.577209,0,AN_TOAN,rtsp://localhost:8554/live,ONLINE
TRAM_01,2025-12-14T13:29:25.283866,0,AN_TOAN,rtsp://localhost:8554/live,ONLINE
TRAM_01,2025-12-14T13:29:25.962536,0,AN_TOAN,rtsp://localhost:8554/live,ONLINE
TRAM_01,2025-12-14T13:29:26.656751,0,AN_TOAN,rtsp://localhost:8554/live,ONLINE
TRAM_01,2025-12-14T13:29:27.300404,0,AN_TOAN,rtsp://localhost:8554/live,ONLINE
TRAM_01,2025-12-14T13:29:27.946763,0,AN_TOAN,rtsp://localhost:8554/live,ONLINE
TRAM_01,2025-12-14T13:29:28.613437,0,AN_TOAN,rtsp://localhost:8554/live,ONLINE
TRAM_01,2025-12-14T13:29:29.260795,0,AN_TOAN,rtsp://localhost:8554/live,ONLINE
TRAM_01,2025-12-14T13:29:29.940289,0,AN_TOAN,rtsp://localhost:8554/live,ONLINE
TRAM_01,2025-12-14T13:29:30.592204,0,AN_TOAN,rtsp://localhost:8554/live,ONLINE
TRAM_01,2025-12-14T13:29:31.253338,0,AN_TOAN,rtsp://localhost:8554/live,ONLINE
TRAM_01,2025-12-14T13:29:31.948618,0,AN_TOAN,rtsp://localhost:8554/live,ONLINE
TRAM_01,2025-12-14T13:29:32.598290,0,AN_TOAN,rtsp://localhost:8554/live,ONLINE
TRAM_01,2025-12-14T13:29:33.279609,0,AN_TOAN,rtsp://localhost:8554/live,ONLINE
TRAM_01,2025-12-14T13:29:33.972780,0,AN_TOAN,rtsp://localhost:8554/live,ONLINE
TRAM_01,2025-12-14T13:29:34.603797,0,AN_TOAN,rtsp://localhost:8554/live,ONLINE
TRAM_01,2025-12-14T13:29:35.250435,0,AN_TOAN,rtsp://localhost:8554/live,ONLINE
TRAM_01,2025-12-14T13:29:35.946573,0,AN_TOAN,rtsp://localhost:8554/live,ONLINE
TRAM_01,2025-12-14T13:29:36.718516,0,AN_TOAN,rtsp://localhost:8554/live,ONLINE
TRAM_01,2025-12-14T13:29:37.396815,0,AN_TOAN,rtsp://localhost:8554/live,ONLINE
TRAM_01,2025-12-14T13:29:38.070515,0,AN_TOAN,rtsp://localhost:8554/live,ONLINE
TRAM_01,2025-12-14T13:29:38.753635,0,AN_TOAN,rtsp://localhost:8554/live,ONLINE
TRAM_01,2025-12-14T13:29:39.432147,0,AN_TOAN,rtsp://localhost:8554/live,ONLINE
TRAM_01,2025-12-14T13:29:40.095673,0,AN_TOAN,rtsp://localhost:8554/live,ONLINE
TRAM_01,2025-12-14T13:29:40.756247,0,AN_TOAN,rtsp://localhost:8554/live,ONLINE
TRAM_01,2025-12-14T13:29:41.404306,0,AN_TOAN,rtsp://localhost:8554/live,ONLINE
TRAM_01,2025-12-14T13:29:42.068269,0,AN_TOAN,rtsp://localhost:8554/live,ONLINE
TRAM_01,2025-12-14T13:29:42.713976,0,AN_TOAN,rtsp://localhost:8554/live,ONLINE
TRAM_01,2025-12-14T13:29:43.392020,0,AN_TOAN,rtsp://localhost:8554/live,ONLINE
TRAM_01,2025-12-14T13:29:44.053438,0,AN_TOAN,rtsp://localhost:8554/live,ONLINE
TRAM_01,2025-12-14T13:29:44.713639,0,AN_TOAN,rtsp://localhost:8554/live,ONLINE
TRAM_01,2025-12-14T13:29:45.373718,0,AN_TOAN,rtsp://localhost:8554/live,ONLINE
TRAM_01,2025-12-14T13:44:44.697318,261,NGUY_HIEM,rtsp://localhost:8554/live,ONLINE
TRAM_01,2025-12-14T13:44:45.366597,261,NGUY_HIEM,rtsp://localhost:8554/live,ONLINE
TRAM_01,2025-12-14T13:44:46.034903,261,NGUY_HIEM,rtsp://localhost:8554/live,ONLINE
TRAM_01,2025-12-14T13:44:46.851409,258,NGUY_HIEM,rtsp://localhost:8554/live,ONLINE
TRAM_01,2025-12-14T13:44:47.716904,258,NGUY_HIEM,rtsp://localhost:8554/live,ONLINE
TRAM_01,2025-12-14T13:44:48.416554,258,NGUY_HIEM,rtsp://localhost:8554/live,ONLINE
TRAM_01,2025-12-14T13:44:49.119616,259,NGUY_HIEM,rtsp://localhost:8554/live,ONLINE
TRAM_01,2025-12-14T13:44:49.807189,261,NGUY_HIEM,rtsp://localhost:8554/live,ONLINE
TRAM_01,2025-12-14T13:44:50.538140,262,NGUY_HIEM,rtsp://localhost:8554/live,ONLINE
TRAM_01,2025-12-14T13:44:51.354490,263,NGUY_HIEM,rtsp://localhost:8554/live,ONLINE
TRAM_01,2025-12-14T13:44:52.047073,263,NGUY_HIEM,rtsp://localhost:8554/live,ONLINE
TRAM_01,2025-12-14T13:44:52.735202,261,NGUY_HIEM,rtsp://localhost:8554/live,ONLINE
TRAM_01,2025-12-14T13:44:53.416556,260,NGUY_HIEM,rtsp://localhost:8554/live,ONLINE
TRAM_01,2025-12-14T13:44:54.104798,262,NGUY_HIEM,rtsp://localhost:8554/live,ONLINE
TRAM_01,2025-12-14T13:44:54.819826,262,NGUY_HIEM,rtsp://localhost:8554/live,ONLINE
TRAM_01,2025-12-14T13:44:55.554423,261,NGUY_HIEM,rtsp://localhost:8554/live,ONLINE
TRAM_01,2025-12-14T13:44:56.236176,261,NGUY_HIEM,rtsp://localhost:8554/live,ONLINE
TRAM_01,2025-12-14T13:44:56.913826,263,NGUY_HIEM,rtsp://localhost:8554/live,ONLINE
TRAM_01,2025-12-14T13:44:57.611717,262,NGUY_HIEM,rtsp://localhost:8554/live,ONLINE
TRAM_01,2025-12-14T13:44:58.298461,263,NGUY_HIEM,rtsp://localhost:8554/live,ONLINE
TRAM_01,2025-12-14T13:44:59.017033,263,NGUY_HIEM,rtsp://localhost:8554/live,ONLINE
TRAM_01,2025-12-14T13:44:59.712753,261,NGUY_HIEM,rtsp://localhost:8554/live,ONLINE
TRAM_01,2025-12-14T13:45:00.479373,261,NGUY_HIEM,rtsp://localhost:8554/live,ONLINE
TRAM_01,2025-12-14T13:45:01.199734,278,NGUY_HIEM,rtsp://localhost:8554/live,ONLINE
TRAM_01,2025-12-14T13:45:01.891976,278,NGUY_HIEM,rtsp://localhost:8554/live,ONLINE
TRAM_01,2025-12-14T13:45:02.591940,277,NGUY_HIEM,rtsp://localhost:8554/live,ONLINE
TRAM_01,2025-12-14T13:45:03.268608,277,NGUY_HIEM,rtsp://localhost:8554/live,ONLINE
TRAM_01,2025-12-14T13:45:03.941468,277,NGUY_HIEM,rtsp://localhost:8554/live,ONLINE
TRAM_01,2025-12-14T13:45:04.632744,277,NGUY_HIEM,rtsp://localhost:8554/live,ONLINE
TRAM_01,2025-12-14T13:45:05.269504,0,AN_TOAN,rtsp://localhost:8554/live,ONLINE
TRAM_01,2025-12-14T13:45:05.947255,275,NGUY_HIEM,rtsp://localhost:8554/live,ONLINE
TRAM_01,2025-12-14T13:45:06.593302,275,NGUY_HIEM,rtsp://localhost:8554/live,ONLINE
TRAM_01,2025-12-14T13:45:07.373656,275,NGUY_HIEM,rtsp://localhost:8554/live,ONLINE
TRAM_01,2025-12-14T13:45:08.048422,256,NGUY_HIEM,rtsp://localhost:8554/live,ONLINE
TRAM_01,2025-12-14T13:45:08.727595,256,NGUY_HIEM,rtsp://localhost:8554/live,ONLINE
TRAM_01,2025-12-14T13:45:09.390011,259,NGUY_HIEM,rtsp://localhost:8554/live,ONLINE
TRAM_01,2025-12-14T13:45:10.038666,260,NGUY_HIEM,rtsp://localhost:8554/live,ONLINE
TRAM_01,2025-12-14T13:45:10.701932,274,NGUY_HIEM,rtsp://localhost:8554/live,ONLINE
TRAM_01,2025-12-14T13:45:11.370357,274,NGUY_HIEM,rtsp://localhost:8554/live,ONLINE
TRAM_01,2025-12-14T13:45:12.081418,273,NGUY_HIEM,rtsp://localhost:8554/live,ONLINE
TRAM_01,2025-12-14T13:45:12.769449,273,NGUY_HIEM,rtsp://localhost:8554/live,OFFLINE_SAVED
TRAM_01,2025-12-14T13:45:13.446661,274,NGUY_HIEM,rtsp://localhost:8554/live,OFFLINE_SAVED
TRAM_01,2025-12-14T13:45:14.130632,274,NGUY_HIEM,rtsp://localhost:8554/live,OFFLINE_SAVED
TRAM_01,2025-12-14T13:45:22.211603,276,NGUY_HIEM,rtsp://localhost:8554/live,ONLINE
TRAM_01,2025-12-14T13:45:14.877435,274,NGUY_HIEM,rtsp://localhost:8554/live,OFFLINE_SAVED
TRAM_01,2025-12-14T13:45:15.528420,274,NGUY_HIEM,rtsp://localhost:8554/live,OFFLINE_SAVED
TRAM_01,2025-12-14T13:45:16.206747,273,NGUY_HIEM,rtsp://localhost:8554/live,OFFLINE_SAVED
TRAM_01,2025-12-14T13:45:16.871995,274,NGUY_HIEM,rtsp://localhost:8554/live,OFFLINE_SAVED
TRAM_01,2025-12-14T13:45:17.534764,275,NGUY_HIEM,rtsp://localhost:8554/live,OFFLINE_SAVED
TRAM_01,2025-12-14T13:45:18.209587,275,NGUY_HIEM,rtsp://localhost:8554/live,OFFLINE_SAVED
TRAM_01,2025-12-14T13:45:18.872138,276,NGUY_HIEM,rtsp://localhost:8554/live,OFFLINE_SAVED
TRAM_01,2025-12-14T13:45:19.525133,276,NGUY_HIEM,rtsp://localhost:8554/live,OFFLINE_SAVED
TRAM_01,2025-12-14T13:45:20.200606,276,NGUY_HIEM,rtsp://localhost:8554/live,OFFLINE_SAVED
TRAM_01,2025-12-14T13:45:20.859866,277,NGUY_HIEM,rtsp://localhost:8554/live,OFFLINE_SAVED
TRAM_01,2025-12-14T13:45:21.551813,276,NGUY_HIEM,rtsp://localhost:8554/live,OFFLINE_SAVED
TRAM_01,2025-12-14T13:45:22.864124,276,NGUY_HIEM,rtsp://localhost:8554/live,ONLINE
TRAM_01,2025-12-14T13:45:23.590520,276,NGUY_HIEM,rtsp://localhost:8554/live,ONLINE
TRAM_01,2025-12-14T13:45:24.278584,277,NGUY_HIEM,rtsp://localhost:8554/live,ONLINE
TRAM_01,2025-12-14T13:45:24.942846,277,NGUY_HIEM,rtsp://localhost:8554/live,ONLINE
TRAM_01,2025-12-14T13:45:25.773562,277,NGUY_HIEM,rtsp://localhost:8554/live,ONLINE
TRAM_01,2025-12-14T13:45:26.458797,277,NGUY_HIEM,rtsp://localhost:8554/live,ONLINE
TRAM_01,2025-12-14T13:45:27.130773,278,NGUY_HIEM,rtsp://localhost:8554/live,ONLINE
TRAM_01,2025-12-14T13:45:28.543095,278,NGUY_HIEM,rtsp://localhost:8554/live,ONLINE
TRAM_01,2025-12-14T13:45:29.267462,277,NGUY_HIEM,rtsp://localhost:8554/live,ONLINE
TRAM_01,2025-12-14T13:45:29.962084,278,NGUY_HIEM,rtsp://localhost:8554/live,ONLINE
TRAM_01,2025-12-14T13:45:30.632099,276,NGUY_HIEM,rtsp://localhost:8554/live,ONLINE
TRAM_01,2025-12-14T13:45:31.290709,276,NGUY_HIEM,rtsp://localhost:8554/live,ONLINE
TRAM_01,2025-12-14T13:45:31.981807,277,NGUY_HIEM,rtsp://localhost:8554/live,ONLINE
TRAM_01,2025-12-14T13:45:32.670500,277,NGUY_HIEM,rtsp://localhost:8554/live,ONLINE
TRAM_01,2025-12-14T13:45:33.369564,277,NGUY_HIEM,rtsp://localhost:8554/live,ONLINE
TRAM_01,2025-12-14T13:45:34.034659,277,NGUY_HIEM,rtsp://localhost:8554/live,ONLINE
TRAM_01,2025-12-14T13:45:34.736724,277,NGUY_HIEM,rtsp://localhost:8554/live,ONLINE
TRAM_01,2025-12-14T13:45:35.422321,277,NGUY_HIEM,rtsp://localhost:8554/live,ONLINE
TRAM_01,2025-12-14T13:45:36.085707,277,NGUY_HIEM,rtsp://localhost:8554/live,ONLINE
TRAM_01,2025-12-14T13:45:36.755791,277,NGUY_HIEM,rtsp://localhost:8554/live,ONLINE
TRAM_01,2025-12-14T13:45:37.408262,278,NGUY_HIEM,rtsp://localhost:8554/live,ONLINE
TRAM_01,2025-12-14T13:45:38.049320,279,NGUY_HIEM,rtsp://localhost:8554/live,ONLINE
TRAM_01,2025-12-14T13:45:38.715579,277,NGUY_HIEM,rtsp://localhost:8554/live,ONLINE
TRAM_01,2025-12-14T13:45:39.383820,277,NGUY_HIEM,rtsp://localhost:8554/live,ONLINE
TRAM_01,2025-12-14T13:45:40.039983,277,NGUY_HIEM,rtsp://localhost:8554/live,ONLINE
TRAM_01,2025-12-14T13:45:40.708681,277,NGUY_HIEM,rtsp://localhost:8554/live,ONLINE
TRAM_01,2025-12-14T13:45:41.384230,277,NGUY_HIEM,rtsp://localhost:8554/live,ONLINE
TRAM_01,2025-12-14T13:45:42.047470,277,NGUY_HIEM,rtsp://localhost:8554/live,ONLINE
TRAM_01,2025-12-14T13:45:42.693851,276,NGUY_HIEM,rtsp://localhost:8554/live,ONLINE
TRAM_01,2025-12-14T13:45:43.418399,277,NGUY_HIEM,rtsp://localhost:8554/live,ONLINE
TRAM_01,2025-12-14T13:45:44.095896,277,NGUY_HIEM,rtsp://localhost:8554/live,ONLINE
TRAM_01,2025-12-14T13:45:44.801264,277,NGUY_HIEM,rtsp://localhost:8554/live,ONLINE
TRAM_01,2025-12-14T13:45:45.516859,277,NGUY_HIEM,rtsp://localhost:8554/live,ONLINE
TRAM_01,2025-12-14T13:45:46.216687,277,NGUY_HIEM,rtsp://localhost:8554/live,ONLINE
TRAM_01,2025-12-14T13:45:46.913303,277,NGUY_HIEM,rtsp://localhost:8554/live,ONLINE
TRAM_01,2025-12-14T13:45:47.592036,277,NGUY_HIEM,rtsp://localhost:8554/live,ONLINE
TRAM_01,2025-12-14T13:45:48.239274,277,NGUY_HIEM,rtsp://localhost:8554/live,ONLINE
TRAM_01,2025-12-14T13:45:48.929667,277,NGUY_HIEM,rtsp://localhost:8554/live,ONLINE
TRAM_01,2025-12-14T13:45:49.589871,280,NGUY_HIEM,rtsp://localhost:8554/live,ONLINE
TRAM_01,2025-12-14T13:45:50.288582,279,NGUY_HIEM,rtsp://localhost:8554/live,ONLINE
TRAM_01,2025-12-14T13:45:50.958388,280,NGUY_HIEM,rtsp://localhost:8554/live,ONLINE
TRAM_01,2025-12-14T13:45:51.647184,280,NGUY_HIEM,rtsp://localhost:8554/live,ONLINE
TRAM_01,2025-12-14T13:45:52.439844,280,NGUY_HIEM,rtsp://localhost:8554/live,ONLINE
TRAM_01,2025-12-14T13:45:53.227754,280,NGUY_HIEM,rtsp://localhost:8554/live,ONLINE
TRAM_01,2025-12-14T13:45:53.956044,280,NGUY_HIEM,rtsp://localhost:8554/live,ONLINE
TRAM_01,2025-12-14T13:45:54.672117,280,NGUY_HIEM,rtsp://localhost:8554/live,ONLINE
TRAM_01,2025-12-14T13:45:55.372021,278,NGUY_HIEM,rtsp://localhost:8554/live,ONLINE
TRAM_01,2025-12-14T13:45:56.166399,233,NGUY_HIEM,rtsp://localhost:8554/live,ONLINE
TRAM_01,2025-12-14T13:45:56.849687,280,NGUY_HIEM,rtsp://localhost:8554/live,ONLINE
TRAM_01,2025-12-14T13:45:57.520526,281,NGUY_HIEM,rtsp://localhost:8554/live,ONLINE
TRAM_01,2025-12-14T13:45:58.197296,281,NGUY_HIEM,rtsp://localhost:8554/live,ONLINE
TRAM_01,2025-12-14T13:45:58.863323,280,NGUY_HIEM,rtsp://localhost:8554/live,ONLINE
TRAM_01,2025-12-14T13:45:59.536300,280,NGUY_HIEM,rtsp://localhost:8554/live,ONLINE
TRAM_01,2025-12-14T13:46:00.248093,280,NGUY_HIEM,rtsp://localhost:8554/live,ONLINE
TRAM_01,2025-12-14T13:46:00.900735,0,AN_TOAN,rtsp://localhost:8554/live,ONLINE
TRAM_01,2025-12-14T13:46:01.594401,0,AN_TOAN,rtsp://localhost:8554/live,ONLINE
TRAM_01,2025-12-14T13:46:02.291790,281,NGUY_HIEM,rtsp://localhost:8554/live,ONLINE
TRAM_01,2025-12-14T13:46:02.977338,281,NGUY_HIEM,rtsp://localhost:8554/live,ONLINE
TRAM_01,2025-12-14T13:46:03.711587,281,NGUY_HIEM,rtsp://localhost:8554/live,ONLINE
TRAM_01,2025-12-14T13:46:04.400545,281,NGUY_HIEM,rtsp://localhost:8554/live,ONLINE
TRAM_01,2025-12-14T13:46:05.507818,0,AN_TOAN,rtsp://localhost:8554/live,ONLINE
TRAM_01,2025-12-14T13:46:06.240606,230,NGUY_HIEM,rtsp://localhost:8554/live,ONLINE
TRAM_01,2025-12-14T13:46:06.891908,229,NGUY_HIEM,rtsp://localhost:8554/live,ONLINE
